naam;samenvatting;thema;onderwerp;eigenaar;data url;data url error;kaart url;laagnaam
Macroalgenproductie in de Noordzee : Laminaria digitata;De kaart geeft het resultaat weer van een eerste verkenning van de mogelijke maximale biomassaproductie.;Voedsel;Planten;Deltares;http://deltaresdata.openearth.nl/geoserver/DANK/wfs?SERVICE=WFS&VERSION=1.1.0&REQUEST=GetFeature&TYPENAME=DANK:dank001a_macroalgen_in_de_noordzee&OUTPUTFORMAT=json&SRSNAME=EPSG:4326;;http://www.atlasleefomgeving.nl/atlas-kaartservice/kaart/wms/indicator/macroalg_4171;DANK:dank001a_macroalgen_in_de_noordzee
Natuurlijke ziekte- en plaagwering van de bodem (relatief);De natuurlijke ziekten- en plaagwering van de bovenste 20 cm van de bodem, obv samengestelde indicatorenset;Voedsel;Ondersteunend;Rijksinstituut voor Volksgezondheid en Milieu (RIVM);http://geodata.rivm.nl/geoserver/wfs?SERVICE=WFS&VERSION=1.1.0&REQUEST=GetFeature&TYPENAME=dank:rivm_r3_gm_diseasesupp&OUTPUTFORMAT=json&SRSNAME=EPSG:4326;Feature type dank:rivm_r3_gm_diseasesupp unknown;http://www.atlasleefomgeving.nl/atlas-kaartservice/kaart/wms/indicator/ziekte+e_4110;dank:rivm_r3_gm_diseasesupp
De natuurlijke waterregulatie in de bodem (relatief);De waterregulatiecapaciteit van de toplaag van de bodem, obv samengestelde indicatorenset;Voedsel;Ondersteunend;Rijksinstituut voor Volksgezondheid en Milieu (RIVM);http://geodata.rivm.nl/geoserver/wfs?SERVICE=WFS&VERSION=1.1.0&REQUEST=GetFeature&TYPENAME=dank:rivm_r4_gm_waterreg&OUTPUTFORMAT=json&SRSNAME=EPSG:4326;Feature type dank:rivm_r4_gm_waterreg unknown;http://www.atlasleefomgeving.nl/atlas-kaartservice/kaart/wms/indicator/waterreg_4111;dank:rivm_r4_gm_waterreg
Kwaliteit bodemstructuur voor groei van gewassen (relatief);De kwaliteit van de bodemstructuur van de bovenste 20 cm, obv samengestelde indicatorenset;Voedsel;Ondersteunend;Rijksinstituut voor Volksgezondheid en Milieu (RIVM);http://geodata.rivm.nl/geoserver/wfs?SERVICE=WFS&VERSION=1.1.0&REQUEST=GetFeature&TYPENAME=dank:rivm_r1_gm_soilstr&OUTPUTFORMAT=json&SRSNAME=EPSG:4326;Feature type dank:rivm_r1_gm_soilstr unknown;http://www.atlasleefomgeving.nl/atlas-kaartservice/kaart/wms/indicator/bodemstr_4108;dank:rivm_r1_gm_soilstr
Mosselzaadinvang- installaties 2014;Hier vindt u de gebieden en de percelen, in eigendom van het Rijk, waarop mosselzaad invanginstallaties zijn toegestaan.;Voedsel;Ondersteunend;Ministerie van Economische Zaken - Directie Dierlijke Agroketens en Dierenwelzijn;http://geodata.nationaalgeoregister.nl/mosselzaadinvanginstallaties/wfs?SERVICE=WFS&VERSION=1.1.0&REQUEST=GetFeature&TYPENAME=mosselzaadinvanginstallaties&OUTPUTFORMAT=json&SRSNAME=EPSG:4326;;http://www.atlasleefomgeving.nl/atlas-kaartservice/kaart/wms/indicator/mosselza_3985;mosselzaadinvanginstallaties
Schelpdierpercelen 2014;De schelpdierenpercelen in Nederland;Voedsel;Ondersteunend;Ministerie van Economische Zaken - Directie Dierlijke Agroketens en Dierenwelzijn;http://geodata.nationaalgeoregister.nl/schelpdierenpercelen/wfs?SERVICE=WFS&VERSION=1.1.0&REQUEST=GetFeature&TYPENAME=schelpdierenpercelen&OUTPUTFORMAT=json&SRSNAME=EPSG:4326;;http://www.atlasleefomgeving.nl/atlas-kaartservice/kaart/wms/indicator/schelpdi_3932;schelpdierenpercelen
Natuurlijke levering van nutrienten in de bodem (relatief);De nutrientenhuishouding in de bovenste 20 cm van de bodem, obv samengestelde indicatorenset.;Voedsel;Ondersteunend;Rijksinstituut voor Volksgezondheid en Milieu (RIVM);http://geodata.rivm.nl/geoserver/wfs?SERVICE=WFS&VERSION=1.1.0&REQUEST=GetFeature&TYPENAME=dank:rivm_r2_gm_nutrcycl&OUTPUTFORMAT=json&SRSNAME=EPSG:4326;Feature type dank:rivm_r2_gm_nutrcycl unknown;http://www.atlasleefomgeving.nl/atlas-kaartservice/kaart/wms/indicator/nutrient_4109;dank:rivm_r2_gm_nutrcycl
Wingebieden schelpen;Het betreft hier het wingebied voor schelpenwinning met mogelijkheid voor informatie over locatie van huidige winning en gewonnen hoeveelheid schelpen. ;Hout Vezels Genetische bronnen;GenBron;Deltares;http://geodata.nationaalgeoregister.nl/noordzeewingebieden/ows?SERVICE=wfs&amp;?SERVICE=WFS&VERSION=1.1.0&REQUEST=GetFeature&TYPENAME=noordzeewingebieden&OUTPUTFORMAT=json&SRSNAME=EPSG:4326;HTTP 404;http://www.atlasleefomgeving.nl/atlas-kaartservice/kaart/wms/indicator/wingebie_4140;noordzeewingebieden
Biomassa - dunne mest;Deze kaart laat de hoeveelheden dunne mest (dus exclusief weidemest) in Nederland zien die per 4-cijferig postcode gebied wordt geproduceerd.;Hout Vezels Genetische bronnen;Vezels;Alterra, Wageningen UR;http://geodata.rivm.nl/geoserver/dank/wfs?SERVICE=WFS&VERSION=1.1.0&REQUEST=GetFeature&TYPENAME=dank:altr_a36_ri_bmdunnemest&OUTPUTFORMAT=json&SRSNAME=EPSG:4326;;http://www.atlasleefomgeving.nl/atlas-kaartservice/kaart/wms/indicator/biomassa_4084;dank:altr_a36_ri_bmdunnemest
Biomassa - vaste mest;Deze kaart laat de hoeveelheden vaste stalmest (dus exclusief weidemest) in Nederland zien die per 4-cijferig postcode gebied geproduceerd wordt.;Hout Vezels Genetische bronnen;Vezels;Alterra, Wageningen UR;http://geodata.rivm.nl/geoserver/dank/wfs?SERVICE=WFS&VERSION=1.1.0&REQUEST=GetFeature&TYPENAME=dank:altr_a35_ri_bmvastemest&OUTPUTFORMAT=json&SRSNAME=EPSG:4326;;http://www.atlasleefomgeving.nl/atlas-kaartservice/kaart/wms/indicator/biomassa_4080;dank:altr_a35_ri_bmvastemest
Biomassa landbouwgebied - stengel en bladresten;Op de kaart staat de totale potentiÃ«le hoeveelheid biomassa uit stengel- en bladresten (niet stro) uit de landbouw per gemeente.;Hout Vezels Genetische bronnen;Vezels;Alterra, Wageningen UR;http://geodata.rivm.nl/geoserver/dank/wfs?SERVICE=WFS&VERSION=1.1.0&REQUEST=GetFeature&TYPENAME=dank:altr_a34_ri_bmlbstenblad&OUTPUTFORMAT=json&SRSNAME=EPSG:4326;;http://www.atlasleefomgeving.nl/atlas-kaartservice/kaart/wms/indicator/biomassa_4079;dank:altr_a34_ri_bmlbstenblad
Biomassa landbouwgebied - stro;Op de kaart staat de totale hoeveelheid (kton) biomassa uit stro (graanstengels) per gemeente.;Hout Vezels Genetische bronnen;Vezels;Alterra, Wageningen UR;http://geodata.rivm.nl/geoserver/dank/wfs?SERVICE=WFS&VERSION=1.1.0&REQUEST=GetFeature&TYPENAME=dank:altr_a33_ri_bmlandbwstro&OUTPUTFORMAT=json&SRSNAME=EPSG:4326;;http://www.atlasleefomgeving.nl/atlas-kaartservice/kaart/wms/indicator/biomassa_4078;dank:altr_a33_ri_bmlandbwstro
Biomassa natuurgebied - riet en heide;Op de kaart staat de potentieel te oogsten hoeveelheid biomassa uit natuurlijke rietvelden en heidevelden.;Hout Vezels Genetische bronnen;Vezels;Alterra, Wageningen UR;http://geodata.rivm.nl/geoserver/dank/wfs?SERVICE=WFS&VERSION=1.1.0&REQUEST=GetFeature&TYPENAME=dank:altr_a32_ri_brietenheide&OUTPUTFORMAT=json&SRSNAME=EPSG:4326;;http://www.atlasleefomgeving.nl/atlas-kaartservice/kaart/wms/indicator/biomassa_4077;dank:altr_a32_ri_brietenheide
Biomassa natuurgebied - grasmaaisel;Op de kaart staat de potentiele hoeveelheid grasmaaisel (kton per jaar) die uit natuur beschikbaar kan komen.;Hout Vezels Genetische bronnen;Vezels;Alterra, Wageningen UR;http://geodata.rivm.nl/geoserver/dank/wfs?SERVICE=WFS&VERSION=1.1.0&REQUEST=GetFeature&TYPENAME=dank:altr_a31_ri_naturmaaisel&OUTPUTFORMAT=json&SRSNAME=EPSG:4326;;http://www.atlasleefomgeving.nl/atlas-kaartservice/kaart/wms/indicator/biomassa_4076;dank:altr_a31_ri_naturmaaisel
Biomassa - bermmaaisel;Op de kaart staat de potentiele hoeveelheid bermmaaisel (kton per jaar) langs wegen buiten de bebouwde kom in een gemeente.;Hout Vezels Genetische bronnen;Vezels;Alterra, Wageningen UR;http://geodata.rivm.nl/geoserver/dank/wfs?SERVICE=WFS&VERSION=1.1.0&REQUEST=GetFeature&TYPENAME=dank:altr_a30_ri_bermmaaisel&OUTPUTFORMAT=json&SRSNAME=EPSG:4326;;http://www.atlasleefomgeving.nl/atlas-kaartservice/kaart/wms/indicator/biomassa_4075;dank:altr_a30_ri_bermmaaisel
PotentiÃ«le oogst van tak- en tophout buiten het bos;De kaart geeft de oogstbare hoeveelheid tak-, top- en snoeihout weer, die afkomstig is uit diverse soorten landschappelijke beplantingen.;Hout Vezels Genetische bronnen;Hout;Alterra, Wageningen UR;http://geodata.rivm.nl/geoserver/dank/wfs?SERVICE=WFS&VERSION=1.1.0&REQUEST=GetFeature&TYPENAME=dank:altr_a29_ri_taktopsnoeih&OUTPUTFORMAT=json&SRSNAME=EPSG:4326;;http://www.atlasleefomgeving.nl/atlas-kaartservice/kaart/wms/indicator/potenti%C3%AB_4095;dank:altr_a29_ri_taktopsnoeih
PotentiÃ«le houtoogst van stamhout buiten het bos;De kaart geeft de oogstbare hoeveelheid biomassa (ton) buiten het bos weer in de vorm van stamhout voor alle Nederlandse gemeenten.;Hout Vezels Genetische bronnen;Hout;Alterra, Wageningen UR;http://geodata.rivm.nl/geoserver/dank/wfs?SERVICE=WFS&VERSION=1.1.0&REQUEST=GetFeature&TYPENAME=dank:altr_a28_ri_bmassnietbos&OUTPUTFORMAT=json&SRSNAME=EPSG:4326;;http://www.atlasleefomgeving.nl/atlas-kaartservice/kaart/wms/indicator/potentie_4094;dank:altr_a28_ri_bmassnietbos
PotentiÃ«le oogst van tak- en tophout van het Nederlandse bos;Op de kaart is de potentiele oogst van tak- en tophout ( Mg per jaar ) van het Nederlandse bos weergegeven op gemeentelijk niveau.;Hout Vezels Genetische bronnen;Hout;Alterra, Wageningen UR;http://geodata.rivm.nl/geoserver/dank/wfs?SERVICE=WFS&VERSION=1.1.0&REQUEST=GetFeature&TYPENAME=dank:altr_a27_ri_takentophout&OUTPUTFORMAT=json&SRSNAME=EPSG:4326;;http://www.atlasleefomgeving.nl/atlas-kaartservice/kaart/wms/indicator/potentie_4020;dank:altr_a27_ri_takentophout
PotentiÃ«le houtoogst van stamhout van het Nederlandse bos;Op de kaart is de gemiddelde jaarlijkse potentiele houtoogst (m3 / yr) van het Nederlandse bos weergegeven op gemeentelijk niveau.;Hout Vezels Genetische bronnen;Hout;Alterra, Wageningen UR;http://geodata.rivm.nl/geoserver/dank/wfs?SERVICE=WFS&VERSION=1.1.0&REQUEST=GetFeature&TYPENAME=dank:altr_a26_ir_boshoutoogst&OUTPUTFORMAT=json&SRSNAME=EPSG:4326;;http://www.atlasleefomgeving.nl/atlas-kaartservice/kaart/wms/indicator/potentie_4019;dank:altr_a26_ir_boshoutoogst
Gemiddelde staande houtvoorraad van het Nederlandse bos;Op de kaart is de gemiddelde staande houtvoorraad (m3/ha) van het Nederlandse bos weergegeven op gemeentelijk niveau.;Hout Vezels Genetische bronnen;Hout;Alterra, Wageningen UR;http://geodata.rivm.nl/geoserver/dank/wfs?SERVICE=WFS&VERSION=1.1.0&REQUEST=GetFeature&TYPENAME=dank:altr_a25_ir_sthoutvrrdgm&OUTPUTFORMAT=json&SRSNAME=EPSG:4326;;http://www.atlasleefomgeving.nl/atlas-kaartservice/kaart/wms/indicator/gemiddel_4018;dank:altr_a25_ir_sthoutvrrdgm
Staande houtvoorraad van het Nederlandse bos;Op de kaart is de staande houtvoorraad (m3) van het Nederlandse bos weergegeven op gemeentelijk niveau.;Hout Vezels Genetische bronnen;Hout;Alterra, Wageningen UR;http://geodata.rivm.nl/geoserver/dank/wfs?SERVICE=WFS&VERSION=1.1.0&REQUEST=GetFeature&TYPENAME=dank:altr_a24_ir_sthoutvoorrd&OUTPUTFORMAT=json&SRSNAME=EPSG:4326;;http://www.atlasleefomgeving.nl/atlas-kaartservice/kaart/wms/indicator/staande_4017;dank:altr_a24_ir_sthoutvoorrd
Potentieel biogas uit GFT in GJ/(ha.jaar);Deze dataset toont het potentieel aan biogas in GJ/(ha.jaar) dat uit groente, fruit en tuinafval (GFT) kan worden geproduceerd. ;Biomassa voor energie;Biomassa_voor_energie;Rijksdienst voor Ondernemend Nederland (RvO);"http://agentschapnl.kaartenbalie.nl/gisviewer/html/EnergieWiki.htm#""Biogas""";;http://www.atlasleefomgeving.nl/atlas-kaartservice/kaart/wms/indicator/potentie_4031;BG_GFT_OPP
Potentieel biogas uit vloeibare mest in GJ/(ha.jaar);Deze kaart is een weergave van het potentieel aan biogas in GJ/(ha.jaar) dat uit vloeibare mest geproduceerd kan worden per gemeente.;Biomassa voor energie;Biomassa_voor_energie;Rijksdienst voor Ondernemend Nederland (RvO);"http://agentschapnl.kaartenbalie.nl/gisviewer/html/EnergieWiki.htm#""Biogas""";;http://www.atlasleefomgeving.nl/atlas-kaartservice/kaart/wms/indicator/potentie_4098;BG_MSTVL_OPP
Verandering nitraatconcentratie in het grondwater (5-15m diep);Verandering in de gemiddelde nitraatconcentratie in het grondwater op een diepte van 5-15 m voor de periode 2004-2010;Drinkwater;Drinkwater;Rijksinstituut voor Volksgezondheid en Milieu (RIVM);http://geodata.rivm.nl/geoserver/wfs?SERVICE=WFS&VERSION=1.1.0&REQUEST=GetFeature&TYPENAME=dank:rivm_r15_20120601_pc_no3_5m&OUTPUTFORMAT=json&SRSNAME=EPSG:4326;;http://www.atlasleefomgeving.nl/atlas-kaartservice/kaart/wms/indicator/verander_4196;dank:rivm_r15_20120601_pc_no3_5m
Grondwaterbeschermingsgebieden;Grondwaterbeschermingsgebieden, samengesteld uit provinciale bestanden;Drinkwater;Drinkwater;Interprovinciaal Overleg (IPO);http://services.inspire-provincies.nl/AreaManagement/services/view_AM;;http://www.atlasleefomgeving.nl/atlas-kaartservice/kaart/wms/indicator/grondwat_3987;AM.DrinkingWaterProtectionArea
Verzilting oppervlaktewater;Deze kaart behandelt de beschikbaarheid van zoet oppervlaktewater;Drinkwater;Drinkwater;Deltares;http://deltaresdata.openearth.nl/geoserver/DANK/ows?SERVICE=WFS&VERSION=1.1.0&REQUEST=GetFeature&TYPENAME=DANK:DANK-008b_verzilting_oppervlaktewater&OUTPUTFORMAT=json&SRSNAME=EPSG:4326;;http://www.atlasleefomgeving.nl/atlas-kaartservice/kaart/wms/indicator/verzilti_4063;DANK:DANK-008b_verzilting_oppervlaktewater
Kwaliteit van drinkwater in Nederland (2012);kwaliteit van het drinkwater in 2012;Drinkwater;Drinkwater;Rijksinstituut voor Volksgezondheid en Milieu (RIVM);http://inspire.rivm.nl/geoserver/wfs?SERVICE=WFS&VERSION=1.1.0&REQUEST=GetFeature&TYPENAME=inspire:drinking_water_2012&OUTPUTFORMAT=json&SRSNAME=EPSG:4326;;http://www.atlasleefomgeving.nl/atlas-kaartservice/kaart/wms/indicator/drinkwat_3986;inspire:drinking_water_2012
Drinkwaterwinningen uit grondwater;De kaart toont de ligging van de drinkwaterwinningen uit grondwater in Nederland en de herkomst van het opgepompte water in de vorm van stroombanen. ;Drinkwater;Drinkwater;Deltares;http://deltaresdata.openearth.nl/geoserver/DANK/wfs?SERVICE=WFS&VERSION=1.1.0&REQUEST=GetFeature&TYPENAME=DANK:DANK-006-Drinkwater&OUTPUTFORMAT=json&SRSNAME=EPSG:4326;Feature type DANK:DANK-006-Drinkwater unknown;http://www.atlasleefomgeving.nl/atlas-kaartservice/kaart/wms/indicator/drinkwat_4054;DANK:DANK-006-Drinkwater
Locaties drinkwateronttrekkingen uit oppervlaktewater;De kaart geeft een beeld van de opnamepunten voor drinkwater uit het oppervlaktewater weer. ;Drinkwater;Drinkwater;Deltares;http://deltaresdata.openearth.nl/geoserver/DANK/wfs?SERVICE=WFS&VERSION=1.1.0&REQUEST=GetFeature&TYPENAME=DANK:DANK-019f_Drinkwateronttrekkingen_uit_oppervlaktewater&OUTPUTFORMAT=json&SRSNAME=EPSG:4326;;http://www.atlasleefomgeving.nl/atlas-kaartservice/kaart/wms/indicator/locaties_4030;DANK:DANK-019f_Drinkwateronttrekkingen_uit_oppervlaktewater
Verzilting grondwater;Verzilting van het grond- en oppervlaktewater vindt plaats in het kustgebied van Nederland door indringing van zeewater via de grote rivieren en zoute kwel (het omhoog stromen van zout grondwater naar het oppervlak);Drinkwater;Drinkwater;Deltares;http://deltaresdata.openearth.nl/geoserver/DANK/wfs?SERVICE=WFS&VERSION=1.1.0&REQUEST=GetFeature&TYPENAME=DANK:DANK-008a_verzilting_grondwater&OUTPUTFORMAT=json&SRSNAME=EPSG:4326;Feature type DANK:DANK-008a_verzilting_grondwater unknown;http://www.atlasleefomgeving.nl/atlas-kaartservice/kaart/wms/indicator/verzilti_4062;DANK:DANK-008a_verzilting_grondwater
Verandering nitraatconcentratie in het grondwater bij natuurgebieden;De trend in de gemiddelde nitraatconcentratie in de bovenste meter van het grondwater in natuurgebieden voor de periode 1989-2014;Drinkwater;Drinkwater;Rijksinstituut voor Volksgezondheid en Milieu (RIVM);http://geodata.rivm.nl/geoserver/wfs?SERVICE=WFS&VERSION=1.1.0&REQUEST=GetFeature&TYPENAME=dank:rivm_r20_pc_no3_gwnatuur&OUTPUTFORMAT=json&SRSNAME=EPSG:4326;;http://www.atlasleefomgeving.nl/atlas-kaartservice/kaart/wms/indicator/verander_4197;dank:rivm_r20_pc_no3_gwnatuur
Tekort zoetwater voor beregening in gemiddeld jaar;Voor beregening is bepaald wat de totale hoeveelheid water is die aangevoerd kan worden en wat het uiteindelijke tekort aan zoet water voor dit doeleinde is.;Water_overig;Water_overig;Deltares;http://deltaresdata.openearth.nl/geoserver/DANK/wfs?SERVICE=WFS&VERSION=1.1.0&REQUEST=GetFeature&TYPENAME=DANK:DANK-019a_Tekort_water_voor_beregening_gemiddeld_jaar&OUTPUTFORMAT=json&SRSNAME=EPSG:4326;;http://www.atlasleefomgeving.nl/atlas-kaartservice/kaart/wms/indicator/tekort+z_4014;DANK:DANK-019a_Tekort_water_voor_beregening_gemiddeld_jaar
Tekort zoet oppervlaktewater voor de landbouw - gemiddeld jaar;Binnen het Deltaprogramma zoet water is bepaald wat de totale hoeveelheid water is die aangevoerd kan worden en wat het uiteindelijke tekort aan zoet water voor dit doeleinde is. ;Water_overig;Water_overig;Deltares;http://deltaresdata.openearth.nl/geoserver/DANK/wfs?SERVICE=WFS&VERSION=1.1.0&REQUEST=GetFeature&TYPENAME=DANK:DANK-027_Tekort_zoet_water_voor_beregening_Gemiddeld_jaar&OUTPUTFORMAT=json&SRSNAME=EPSG:4326;;http://www.atlasleefomgeving.nl/atlas-kaartservice/kaart/wms/indicator/tekort+z_4034;DANK:DANK-027_Tekort_zoet_water_voor_beregening_Gemiddeld_jaar
Gemiddelde afvoer van de Rijn en Maas;Verdeling water over hoofdwatersysteem van Rijn en Maas. ;Water_overig;Water_overig;Deltares;http://deltaresdata.openearth.nl/geoserver/DANK/wfs?SERVICE=WFS&VERSION=1.1.0&REQUEST=GetFeature&TYPENAME=DANK:DANK4h-i_Gemiddelde_Afvoer_rivieren&OUTPUTFORMAT=json&SRSNAME=EPSG:4326;;http://www.atlasleefomgeving.nl/atlas-kaartservice/kaart/wms/indicator/gemiddel_4174;DANK:DANK4h-i_Gemiddelde_Afvoer_rivieren
Tekort zoet oppervlaktewater voor de landbouw - droog jaar;Binnen het Deltaprogramma zoet water is bepaald wat de totale hoeveelheid water is die aangevoerd kan worden en wat het uiteindelijke tekort aan zoet water voor dit doeleinde is. ;Water_overig;Water_overig;Deltares;http://deltaresdata.openearth.nl/geoserver/DANK/wfs?SERVICE=WFS&VERSION=1.1.0&REQUEST=GetFeature&TYPENAME=DANK:DANK-027_Tekort_zoet_water_voor_beregening_droog_jaar&OUTPUTFORMAT=json&SRSNAME=EPSG:4326;;http://www.atlasleefomgeving.nl/atlas-kaartservice/kaart/wms/indicator/tekort+z_4035;DANK:DANK-027_Tekort_zoet_water_voor_beregening_droog_jaar
Tekort zoetwater voor doorspoeling in gemiddeld jaar;Voor deze watervraag is binnen â€˜Deltaprogramma zoet waterâ€™ bepaald wat de totale hoeveelheid water is die aangevoerd kan worden en wat het uiteindelijke tekort aan zoet water voor dit doeleinde is. ;Water_overig;Water_overig;Deltares;http://deltaresdata.openearth.nl/geoserver/DANK/wfs?SERVICE=WFS&VERSION=1.1.0&REQUEST=GetFeature&TYPENAME=DANK:DANK-019b_Tekort_water_voor_doorspoeling_gemiddeld-jaar&OUTPUTFORMAT=json&SRSNAME=EPSG:4326;;http://www.atlasleefomgeving.nl/atlas-kaartservice/kaart/wms/indicator/tekort+z_4012;DANK:DANK-019b_Tekort_water_voor_doorspoeling_gemiddeld-jaar
Tekort zoet oppervlaktewater voor de landbouw - extreem droog jaar;Binnen het Deltaprogramma zoet water is bepaald wat de totale hoeveelheid water is die aangevoerd kan worden en wat het uiteindelijke tekort aan zoet water voor dit doeleinde is. ;Water_overig;Water_overig;Deltares;http://deltaresdata.openearth.nl/geoserver/DANK/wfs?SERVICE=WFS&VERSION=1.1.0&REQUEST=GetFeature&TYPENAME=DANK:DANK-027_Tekort_zoet_water_voor_beregening_extreem_droog_jaar&OUTPUTFORMAT=json&SRSNAME=EPSG:4326;;http://www.atlasleefomgeving.nl/atlas-kaartservice/kaart/wms/indicator/tekort+z_4036;DANK:DANK-027_Tekort_zoet_water_voor_beregening_extreem_droog_jaar
Beregeningsonttrekkingen: effect op grondwaterkwel;Beregeningsonttrekkingen kunnen grote effecten hebben op andere ecosysteemdiensten, zoals drinkwatervoorziening en water voor terrestrische en aquatische natuur.;Water_overig;Water_overig;Deltares;http://deltaresdata.openearth.nl/geoserver/DANK/wfs?SERVICE=WFS&VERSION=1.1.0&REQUEST=GetFeature&TYPENAME=DANK:DANK005a_irrigatiewater_kwelafname&OUTPUTFORMAT=json&SRSNAME=EPSG:4326;Feature type DANK:DANK005a_irrigatiewater_kwelafname unknown;http://www.atlasleefomgeving.nl/atlas-kaartservice/kaart/wms/indicator/beregeni_4058;DANK:DANK005a_irrigatiewater_kwelafname
Tekort zoetwater voor peilbeheer in gemiddeld jaar;Voor deze watervraag is bepaald wat de totale hoeveelheid water is die aangevoerd kan worden en wat het uiteindelijke tekort aan zoet water voor dit doeleinde is. ;Water_overig;Water_overig;Deltares;http://deltaresdata.openearth.nl/geoserver/DANK/wfs?SERVICE=WFS&VERSION=1.1.0&REQUEST=GetFeature&TYPENAME=DANK:DANK-019c_Tekort_water_voor_peilbeheer_gemiddeld_jaar&OUTPUTFORMAT=json&SRSNAME=EPSG:4326;;http://www.atlasleefomgeving.nl/atlas-kaartservice/kaart/wms/indicator/tekort+z_4013;DANK:DANK-019c_Tekort_water_voor_peilbeheer_gemiddeld_jaar
Beregening: vermeden reductie van gewasverdamping;Vermeden reductie van gewasverdamping als gevolg van beregening (indicator voor effect van gebruik van deze ecosysteemdienst op landbouwproductie). ;Water_overig;Water_overig;Deltares;http://deltaresdata.openearth.nl/geoserver/DANK/wfs?SERVICE=WFS&VERSION=1.1.0&REQUEST=GetFeature&TYPENAME=DANK:DANK-005c-Gewasverdampingsreductie&OUTPUTFORMAT=json&SRSNAME=EPSG:4326;Feature type DANK:DANK-005c-Gewasverdampingsreductie unknown;http://www.atlasleefomgeving.nl/atlas-kaartservice/kaart/wms/indicator/beregeni_4060;DANK:DANK-005c-Gewasverdampingsreductie
Verdeelpunten hoofdwatersysteem (kranen);De kaart geeft de belangrijkste kranen van het hoofdwatersyteem weer;Water_overig;Water_overig;Deltares;http://deltaresdata.openearth.nl/geoserver/DANK/wfs?SERVICE=WFS&VERSION=1.1.0&REQUEST=GetFeature&TYPENAME=DANK:DANK-019h_Verdeelpunten_hoofdwatersysteem&OUTPUTFORMAT=json&SRSNAME=EPSG:4326;;http://www.atlasleefomgeving.nl/atlas-kaartservice/kaart/wms/indicator/verdeelp_4026;DANK:DANK-019h_Verdeelpunten_hoofdwatersysteem
Beregeningsonttrekkingen: locaties onttrekkingen uit grondwater en oppervlaktewater;Beregeningswater wordt zowel onttrokken uit grondwater als uit oppervlaktewater. Het percentage dat uit grondwater wordt onttrokken varieert tussen ca. 80 en 65% van het irrigatiewater voor respectievelijk droge en natte jaren (Hoogeveen e.a., 2003);Water_overig;Water_overig;Deltares;http://deltaresdata.openearth.nl/geoserver/DANK/ows?SERVICE=WFS&VERSION=1.1.0&REQUEST=GetFeature&TYPENAME=DANK:DANK-005b-BeregeningsLocaties&OUTPUTFORMAT=json&SRSNAME=EPSG:4326;;http://www.atlasleefomgeving.nl/atlas-kaartservice/kaart/wms/indicator/beregeni_4059;DANK:DANK-005b-BeregeningsLocaties
Locaties industriewateronttrekkingen uit oppervlaktewater;De kaart geeft een beeld van de belangrijkste opnamepunten voor industriewater uit het oppervlaktewater weer. ;Water_overig;Water_overig;Deltares;http://deltaresdata.openearth.nl/geoserver/DANK/wfs?SERVICE=WFS&VERSION=1.1.0&REQUEST=GetFeature&TYPENAME=DANK:DANK-019g_Industriewateronttrekkingen_uit_oppervlaktewater&OUTPUTFORMAT=json&SRSNAME=EPSG:4326;;http://www.atlasleefomgeving.nl/atlas-kaartservice/kaart/wms/indicator/locaties_4011;DANK:DANK-019g_Industriewateronttrekkingen_uit_oppervlaktewater
Waterzuivering in ondergrond;Deze kaart toont als voorbeeld van â€˜waterzuivering van de ondergrondâ€™ de potentie voor denitrificatie. ;Reinigend_vermogen;bodem;Deltares;http://deltaresdata.openearth.nl/geoserver/DANK/ows?SERVICE=WFS&VERSION=1.1.0&REQUEST=GetFeature&TYPENAME=DANK:DANK-014_Waterzuivering&OUTPUTFORMAT=json&SRSNAME=EPSG:4326;;http://www.atlasleefomgeving.nl/atlas-kaartservice/kaart/wms/indicator/waterzui_4072;DANK:DANK-014_Waterzuivering
Zelfreinigend vermogen in de toplaag van de bodem (relatief);Het zelfreinigende vermogen in de toplaag van de bodem, obv samengestelde indicatorenset;Reinigend_vermogen;bodem;Rijksinstituut voor Volksgezondheid en Milieu (RIVM);http://geodata.rivm.nl/geoserver/wfs?SERVICE=WFS&VERSION=1.1.0&REQUEST=GetFeature&TYPENAME=dank:rivm_r5_gm_naturalatt&OUTPUTFORMAT=json&SRSNAME=EPSG:4326;Feature type dank:rivm_r5_gm_naturalatt unknown;http://www.atlasleefomgeving.nl/atlas-kaartservice/kaart/wms/indicator/zelfrein_4117;dank:rivm_r5_gm_naturalatt
Grootschalige stikstofdepositie Nederland;U ziet de depositie van stikstofverbindingen in Nederland op een resolutie van 1x1 km;Reinigend_vermogen;lucht;Rijksinstituut voor Volksgezondheid en Milieu (RIVM);http://geodata.rivm.nl/geoserver/wfs?SERVICE=WFS&VERSION=1.1.0&REQUEST=GetFeature&TYPENAME=dank:rivm_r19_gm_n-depositie&OUTPUTFORMAT=json&SRSNAME=EPSG:4326;Feature type dank:rivm_r19_gm_n-depositie unknown;http://www.atlasleefomgeving.nl/atlas-kaartservice/kaart/wms/indicator/grootsch_4154;dank:rivm_r19_gm_n-depositie
Waterzuivering meren;Deze kaart toont de filtratie door Quaggamosselen in rivieren en meren.;Reinigend_vermogen;water;Deltares;http://deltaresdata.openearth.nl/geoserver/DANK/wfs?SERVICE=WFS&VERSION=1.1.0&REQUEST=GetFeature&TYPENAME=DANK:DANK012_waterzuivering_rivieren_meren&OUTPUTFORMAT=json&SRSNAME=EPSG:4326;;http://www.atlasleefomgeving.nl/atlas-kaartservice/kaart/wms/indicator/waterzui_4069;DANK:DANK012_waterzuivering_rivieren_meren
DANK- Water zuiverende werking bodemorganismen Waddenzee;De kaart geeft bijdrage weer aan de waterzuiverende werking door filtratie door mosselen in de Waddenzee uitgedrukt in liter per vierkante meter bodemoppervlak per dag. ;Reinigend_vermogen;water;Deltares;http://deltaresdata.openearth.nl/geoserver/DANK/wfs?SERVICE=WFS&VERSION=1.1.0&REQUEST=GetFeature&TYPENAME=DANK013_Waterzuivering_Waddenzee&OUTPUTFORMAT=json&SRSNAME=EPSG:4326;Feature type :DANK013_Waterzuivering_Waddenzee unknown;http://www.atlasleefomgeving.nl/atlas-kaartservice/kaart/wms/indicator/waterzui_4130;DANK013_Waterzuivering_Waddenzee
PotentiÃ«le invang fijn stof (PM10) door vegetatie;Op de kaart is de potentiÃ«le invangcapaciteit van vegetatie voor fijnstof (PM10) weergegeven.;Reinigend_vermogen;lucht;Alterra, Wageningen UR;http://geodata.rivm.nl/geoserver/dank/wfs?SERVICE=WFS&VERSION=1.1.0&REQUEST=GetFeature&TYPENAME=dank:altr_a15_gv_lzuifijnstof&OUTPUTFORMAT=json&SRSNAME=EPSG:4326;Feature type dank:altr_a15_gv_lzuifijnstof unknown;http://www.atlasleefomgeving.nl/atlas-kaartservice/kaart/wms/indicator/potentie_4021;dank:altr_a15_gv_lzuifijnstof
Gevoeligheid en bescherming tegen watererosie;De kaart geeft gebieden aan die kwetsbaar zijn voor watererosie.;Bodemerosie;Bodemerosie;Alterra, Wageningen UR;http://geodata.rivm.nl/geoserver/dank/wfs?SERVICE=WFS&VERSION=1.1.0&REQUEST=GetFeature&TYPENAME=dank:altr_a02b_gv_watererosie&OUTPUTFORMAT=json&SRSNAME=EPSG:4326;Feature type dank:altr_a02b_gv_watererosie unknown;http://www.atlasleefomgeving.nl/atlas-kaartservice/kaart/wms/indicator/gevoelig_4024;dank:altr_a02b_gv_watererosie
Gevoeligheid en bescherming tegen winderosie;De kaart geeft gebieden aan die kwetsbaar zijn voor winderosie.;Bodemerosie;Bodemerosie;Alterra, Wageningen UR;http://geodata.rivm.nl/geoserver/wfs?SERVICE=WFS&VERSION=1.1.0&REQUEST=GetFeature&TYPENAME=dank:altr_a02a_gv_winderosie&OUTPUTFORMAT=json&SRSNAME=EPSG:4326;Feature type dank:altr_a02a_gv_winderosie unknown;http://www.atlasleefomgeving.nl/atlas-kaartservice/kaart/wms/indicator/gevoelig_4022;dank:altr_a02a_gv_winderosie
Waterregulering ondergrond;Deze kaart geeft een overzicht van kansrijke maatregelen, verspreid over Nederland, om de bergingscapaciteit van de ondergrond te benutten. ;Waterberging;waterberging;Deltares;http://deltaresdata.openearth.nl/geoserver/DANK/wfs?SERVICE=WFS&VERSION=1.1.0&REQUEST=GetFeature&TYPENAME=DANK:DANK017_waterregulering_ondergrond&OUTPUTFORMAT=json&SRSNAME=EPSG:4326;Feature type DANK:DANK017_waterregulering_ondergrond unknown;http://www.atlasleefomgeving.nl/atlas-kaartservice/kaart/wms/indicator/waterreg_4107;DANK:DANK017_waterregulering_ondergrond
Waterbergend vermogen van de ondergrond;De kaart maximale berging in grondwater drukt uit hoeveel water (in mm) nog in de grond geborgen kan worden ten opzichte van een huidige natte situatie.;Waterberging;waterberging;Deltares;http://deltaresdata.openearth.nl/geoserver/DANK/wfs?SERVICE=WFS&VERSION=1.1.0&REQUEST=GetFeature&TYPENAME=DANK:DANK015_waterberging_grondwater&OUTPUTFORMAT=json&SRSNAME=EPSG:4326;Feature type DANK:DANK015_waterberging_grondwater unknown;http://www.atlasleefomgeving.nl/atlas-kaartservice/kaart/wms/indicator/waterber_4071;DANK:DANK015_waterberging_grondwater
Waterbergend vermogen Maas;Gemiddeld komt er over de Maas 230 m3/s water binnen. Minimaal komt er 0 m3/s het land binnen over de Maas. ;Waterberging;waterberging;Deltares;http://deltaresdata.openearth.nl/geoserver/DANK/wfs?SERVICE=WFS&VERSION=1.1.0&REQUEST=GetFeature&TYPENAME=DANK:DANK-029_Maximale_afvoer_Maas&OUTPUTFORMAT=json&SRSNAME=EPSG:4326;;http://www.atlasleefomgeving.nl/atlas-kaartservice/kaart/wms/indicator/waterber_4065;DANK:DANK-029_Maximale_afvoer_Maas
Waterbergend vermogen van Rijntakken;In dit bestand wordt de afvoermogelijkheid door de grote rivieren in beeld gebracht.;Waterberging;waterberging;Deltares;http://deltaresdata.openearth.nl/geoserver/DANK/wfs?SERVICE=WFS&VERSION=1.1.0&REQUEST=GetFeature&TYPENAME=DANK:DANK-029_Maximale_afvoer_Rijntakken&OUTPUTFORMAT=json&SRSNAME=EPSG:4326;;http://www.atlasleefomgeving.nl/atlas-kaartservice/kaart/wms/indicator/waterber_4009;DANK:DANK-029_Maximale_afvoer_Rijntakken
Waterbergend vermogen van regionale wateren;Deze kaart geeft een overzicht van de mogelijkheden voor waterberging in regionale wateren;Waterberging;waterberging;Deltares;http://deltaresdata.openearth.nl/geoserver/DANK/wfs?SERVICE=WFS&VERSION=1.1.0&REQUEST=GetFeature&TYPENAME=DANK:waterberging_oppwater&OUTPUTFORMAT=json&SRSNAME=EPSG:4326;Feature type DANK:waterberging_oppwater unknown;http://www.atlasleefomgeving.nl/atlas-kaartservice/kaart/wms/indicator/waterber_4067;DANK:waterberging_oppwater
Waterbergend vermogen van de grote oppervlaktewateren;Dit bestand geeft een beeld van de Waterberging in grote meren, waarmee de maximale bergingscapaciteit van de grote oppervlaktewateren bedoeld wordt.;Waterberging;waterberging;Deltares;http://deltaresdata.openearth.nl/geoserver/DANK/wfs?SERVICE=WFS&VERSION=1.1.0&REQUEST=GetFeature&TYPENAME=DANK:DANK-029_Waterbergend_vermogen_grote_oppervlaktewateren&OUTPUTFORMAT=json&SRSNAME=EPSG:4326;;http://www.atlasleefomgeving.nl/atlas-kaartservice/kaart/wms/indicator/waterber_4010;DANK:DANK-029_Waterbergend_vermogen_grote_oppervlaktewateren
Vochtleverend vermogen door de bodem;Deze kaart geeft aan in welke mate er tijdens het groeiseizoen vocht in de bodem via de plantenwortels beschikbaar is voor de plant.;Waterberging;waterberging;Alterra, Wageningen UR;http://geodata.rivm.nl/geoserver/dank/wfs?SERVICE=WFS&VERSION=1.1.0&REQUEST=GetFeature&TYPENAME=dank:altr_a19_gv_vochtlverm&OUTPUTFORMAT=json&SRSNAME=EPSG:4326;Feature type dank:altr_a19_gv_vochtlverm unknown;http://www.atlasleefomgeving.nl/atlas-kaartservice/kaart/wms/indicator/vochtlev_4074;dank:altr_a19_gv_vochtlverm
Bescherming tegen overstroming;Duinen en kwelders zijn natuurlijke systemen die direct of indirect bijdragen aan de bescherming van Nederland tegen overstromingen. ;Kustbescherming;kustbescherming;Deltares;http://deltaresdata.openearth.nl/geoserver/DANK/wfs?SERVICE=WFS&VERSION=1.1.0&REQUEST=GetFeature&TYPENAME=DANK:DANK-009_Bescherming_tegen_overstroming&OUTPUTFORMAT=json&SRSNAME=EPSG:4326;;http://www.atlasleefomgeving.nl/atlas-kaartservice/kaart/wms/indicator/bescherm_4068;DANK:DANK-009_Bescherming_tegen_overstroming
Potentieel aanbod natuurlijke bestuiving;De kaart toont de ligging van gebieden met potentiele bestuiving van landbouwgewassen door wilde bestuivers.;Bestuiving;Bestuiving;Alterra, Wageningen UR;http://geodata.rivm.nl/geoserver/dank/wfs?SERVICE=WFS&VERSION=1.1.0&REQUEST=GetFeature&TYPENAME=dank:altr_a01_gv_potnatbestui&OUTPUTFORMAT=json&SRSNAME=EPSG:4326;Feature type dank:altr_a01_gv_potnatbestui unknown;http://www.atlasleefomgeving.nl/atlas-kaartservice/kaart/wms/indicator/potentie_4032;dank:altr_a01_gv_potnatbestui
PotentiÃ«le Natuurlijke Plaagregulatie;De kaart toont de ligging van gebieden met potentiÃ«le natuurlijke plaagbestrijding in landbouwgewassen met natuurlijke vijanden.;Plaagonderdrukking;plaagonderdrukking;Alterra, Wageningen UR;http://geodata.rivm.nl/geoserver/dank/wfs?SERVICE=WFS&VERSION=1.1.0&REQUEST=GetFeature&TYPENAME=dank:altr_a16_gv_natplaagregu&OUTPUTFORMAT=json&SRSNAME=EPSG:4326;Feature type dank:altr_a16_gv_natplaagregu unknown;http://www.atlasleefomgeving.nl/atlas-kaartservice/kaart/wms/indicator/natuurli_4033;dank:altr_a16_gv_natplaagregu
Bijdragen van de bodem aan klimaatregulatie (relatief);Bodemaspecten van de toplaag die bijdragen aan een goed lokaal en mondiaal klimaat;Bodemvruchtbaarheid;Bodemvruchtbaarheid;Rijksinstituut voor Volksgezondheid en Milieu (RIVM);http://geodata.rivm.nl/geoserver/wfs?SERVICE=WFS&VERSION=1.1.0&REQUEST=GetFeature&TYPENAME=dank:rivm_r8_gm_climatereg&OUTPUTFORMAT=json&SRSNAME=EPSG:4326;Feature type dank:rivm_r8_gm_climatereg unknown;http://www.atlasleefomgeving.nl/atlas-kaartservice/kaart/wms/indicator/klimaatr_4120;dank:rivm_r8_gm_climatereg
Robuustheid en herstelvermogen van de bodem (relatief);De robuustheid van de bodem voor milieustress en het vermogen tot herstel en aanpassing aan veranderend bodemgebruik, obv samengestelde indicatorenset;Bodemvruchtbaarheid;Bodemvruchtbaarheid;Rijksinstituut voor Volksgezondheid en Milieu (RIVM);http://geodata.rivm.nl/geoserver/dank/wfs?SERVICE=WFS&VERSION=1.1.0&REQUEST=GetFeature&TYPENAME=dank:rivm_r12_gm_resilience&OUTPUTFORMAT=json&SRSNAME=EPSG:4326;Feature type dank:rivm_r12_gm_resilience unknown;http://www.atlasleefomgeving.nl/atlas-kaartservice/kaart/wms/indicator/herstelv_4124;dank:rivm_r12_gm_resilience
Koolstofcyclus en -dynamiek in de bovenste bodemlaag (relatief);Koolstofcycus en -dynamiek in de bovenste bodemlaag, obv samengestelde indicatorenset;Bodemvruchtbaarheid;Bodemvruchtbaarheid;Rijksinstituut voor Volksgezondheid en Milieu (RIVM);http://geodata.rivm.nl/geoserver/wfs?SERVICE=WFS&VERSION=1.1.0&REQUEST=GetFeature&TYPENAME=dank:rivm_r7_gm_carboncycl&OUTPUTFORMAT=json&SRSNAME=EPSG:4326;Feature type dank:rivm_r7_gm_carboncycl unknown;http://www.atlasleefomgeving.nl/atlas-kaartservice/kaart/wms/indicator/koolstof_4119;dank:rivm_r7_gm_carboncycl
Bodemvruchtbaarheid voor landbouw;De bodemvruchthaarheidskaart deelt de Nederlandse gronden in naar natuurlijke bodemvruchtbaarheid.;Bodemvruchtbaarheid;Bodemvruchtbaarheid;Alterra, Wageningen UR;http://geodata.rivm.nl/geoserver/dank/wfs?SERVICE=WFS&VERSION=1.1.0&REQUEST=GetFeature&TYPENAME=dank:altr_a18_gv_bodemvrchtbh&OUTPUTFORMAT=json&SRSNAME=EPSG:4326;Feature type dank:altr_a18_gv_bodemvrchtbh unknown;http://www.atlasleefomgeving.nl/atlas-kaartservice/kaart/wms/indicator/bodemvru_4073;dank:altr_a18_gv_bodemvrchtbh
Koolstofvastlegging in de bodem bij verbeteren gewasrotatie;Deze kaart laat de potentiÃ«le koolstofvastlegging in de bodem zien voor de maatregel gewasrotaties verbeteren.;Koolstofvastlegging;koolstofvastlegging;Alterra, Wageningen UR;http://geodata.rivm.nl/geoserver/wfs?SERVICE=WFS&VERSION=1.1.0&REQUEST=GetFeature&TYPENAME=dank:altr_a13_ri_bodemcrota&OUTPUTFORMAT=json&SRSNAME=EPSG:4326;;http://www.atlasleefomgeving.nl/atlas-kaartservice/kaart/wms/indicator/bodemkoo_4050;dank:altr_a13_ri_bodemcrota
Koolstofvastlegging in de bodem bij groenbemesting;Deze kaart laat de potentiÃ«le koolstofvastlegging in de bodem zien voor de maatregel waarbij een vanggewas en groenbemester wordt toegepast.;Koolstofvastlegging;koolstofvastlegging;Alterra, Wageningen UR;http://geodata.rivm.nl/geoserver/wfs?SERVICE=WFS&VERSION=1.1.0&REQUEST=GetFeature&TYPENAME=dank:altr_a12_ri_bodemcvang&OUTPUTFORMAT=json&SRSNAME=EPSG:4326;;http://www.atlasleefomgeving.nl/atlas-kaartservice/kaart/wms/indicator/bodemkoo_4049;dank:altr_a12_ri_bodemcvang
Koolstofvastlegging in de bodem bij niet kerende grondbewerking;Deze kaart laat de potentiÃ«le koolstofvastlegging in de bodem zien voor de maatregel niet-kerende grondbewerking.;Koolstofvastlegging;koolstofvastlegging;Alterra, Wageningen UR;http://geodata.rivm.nl/geoserver/wfs?SERVICE=WFS&VERSION=1.1.0&REQUEST=GetFeature&TYPENAME=dank:altr_a11_ri_bodemcredtil&OUTPUTFORMAT=json&SRSNAME=EPSG:4326;;http://www.atlasleefomgeving.nl/atlas-kaartservice/kaart/wms/indicator/bodemkoo_4048;dank:altr_a11_ri_bodemcredtil
Koolstofvastlegging in de bodem bij niet scheuren grasland;Deze kaart laat de potentiÃ«le vastlegging van koolstof in de bodem zien bij de maatregel niet scheuren van grasland.;Koolstofvastlegging;koolstofvastlegging;Alterra, Wageningen UR;http://geodata.rivm.nl/geoserver/wfs?SERVICE=WFS&VERSION=1.1.0&REQUEST=GetFeature&TYPENAME=dank:altr_a10_ri_bodemcscheur&OUTPUTFORMAT=json&SRSNAME=EPSG:4326;;http://www.atlasleefomgeving.nl/atlas-kaartservice/kaart/wms/indicator/bodemkoo_4047;dank:altr_a10_ri_bodemcscheur
Koolstofvastlegging in de bodem bij achterlaten gewasresten;Deze kaart laat de potentiÃ«le bodem C vastlegging zien voor de maatregel gewasresten achterlaten.;Koolstofvastlegging;koolstofvastlegging;Alterra, Wageningen UR;http://geodata.rivm.nl/geoserver/wfs?SERVICE=WFS&VERSION=1.1.0&REQUEST=GetFeature&TYPENAME=dank:altr_a09_ri_bodemcgewrst&OUTPUTFORMAT=json&SRSNAME=EPSG:4326;;http://www.atlasleefomgeving.nl/atlas-kaartservice/kaart/wms/indicator/bodemkoo_4046;dank:altr_a09_ri_bodemcgewrst
Koolstofvastlegging in de bodem zonder grondbewerking;Deze kaart laat de potentiÃ«le koolstofvastlegging in de bodem zien bij uitvoering van de maatregel geen grondbewerking.;Koolstofvastlegging;koolstofvastlegging;Alterra, Wageningen UR;http://geodata.rivm.nl/geoserver/wfs?SERVICE=WFS&VERSION=1.1.0&REQUEST=GetFeature&TYPENAME=dank:altr_a08_ri_bodemczerot&OUTPUTFORMAT=json&SRSNAME=EPSG:4326;;http://www.atlasleefomgeving.nl/atlas-kaartservice/kaart/wms/indicator/bodemkoo_4045;dank:altr_a08_ri_bodemczerot
Koolstofvastlegging in de bodem bij akkerrandenbeheer;Deze kaart laat de potentiÃ«le vastlegging van koolstof in de bodem zien bij uitvoering van de maatregel akkerrandenbeheer.;Koolstofvastlegging;koolstofvastlegging;Alterra, Wageningen UR;http://geodata.rivm.nl/geoserver/wfs?SERVICE=WFS&VERSION=1.1.0&REQUEST=GetFeature&TYPENAME=dank:altr_a07_ri_bodemcakrand&OUTPUTFORMAT=json&SRSNAME=EPSG:4326;;http://www.atlasleefomgeving.nl/atlas-kaartservice/kaart/wms/indicator/bodemkoo_4044;dank:altr_a07_ri_bodemcakrand
Koolstofvastlegging in de bodem: totaal van alle maatregelen;Deze kaart laat de realistische potentie voor bodem C vastlegging zien voor een combinatie van alle doorgerekende maatregelen;Koolstofvastlegging;koolstofvastlegging;Alterra, Wageningen UR;http://geodata.rivm.nl/geoserver/wfs?SERVICE=WFS&VERSION=1.1.0&REQUEST=GetFeature&TYPENAME=dank:altr_a14_ri_bodemctotaal&OUTPUTFORMAT=json&SRSNAME=EPSG:4326;;http://www.atlasleefomgeving.nl/atlas-kaartservice/kaart/wms/indicator/bodemkoo_4051;dank:altr_a14_ri_bodemctotaal
Bovengrondse koolstofvoorraad in natuurgebieden;Deze kaart laat de bovengrondse koolstofvoorraad zien die is vastgelegd in de vegetatie van natuurgebieden in Nederland.;Koolstofvastlegging;koolstofvastlegging;Alterra, Wageningen UR;http://geodata.rivm.nl/geoserver/wfs?SERVICE=WFS&VERSION=1.1.0&REQUEST=GetFeature&TYPENAME=dank:altr_a43_gi_bgkoolstvlnt&OUTPUTFORMAT=json&SRSNAME=EPSG:4326;Feature type dank:altr_a43_gi_bgkoolstvlnt unknown;http://www.atlasleefomgeving.nl/atlas-kaartservice/kaart/wms/indicator/bovengro_4052;dank:altr_a43_gi_bgkoolstvlnt
Bodemkoolstof balans in landbouwgronden;Deze kaart laat de de koolstofvastlegging in de bodem van landbouwgronden in Nederland zien aan de hand van de gemodelleerde bodemkoolstof balans.;Koolstofvastlegging;koolstofvastlegging;Alterra, Wageningen UR;http://geodata.rivm.nl/geoserver/dank/wfs?SERVICE=WFS&VERSION=1.1.0&REQUEST=GetFeature&TYPENAME=dank:altr_a06_ri_bodemcbalans&OUTPUTFORMAT=json&SRSNAME=EPSG:4326;;http://www.atlasleefomgeving.nl/atlas-kaartservice/kaart/wms/indicator/bodemkoo_4039;dank:altr_a06_ri_bodemcbalans
Bodemkoolstofvoorraad in natuurgebieden (ton C/ha);Deze kaart laat de bodem koolstofvoorraad in de bovenste 30 cm van de bodem zien voor natuurgebieden in heel Nederland.;Koolstofvastlegging;koolstofvastlegging;Alterra, Wageningen UR;http://geodata.rivm.nl/geoserver/dank/wfs?SERVICE=WFS&VERSION=1.1.0&REQUEST=GetFeature&TYPENAME=dank:altr_a05_gi_bodkoolstnat&OUTPUTFORMAT=json&SRSNAME=EPSG:4326;Feature type dank:altr_a05_gi_bodkoolstnat unknown;http://www.atlasleefomgeving.nl/atlas-kaartservice/kaart/wms/indicator/bodemkoo_4038;dank:altr_a05_gi_bodkoolstnat
Bodemkoolstofvoorraad;Deze kaart laat de bodem koolstofvoorraad in de bovenste 30 cm van de bodem zien voor heel Nederland.;Koolstofvastlegging;koolstofvastlegging;Alterra, Wageningen UR;http://geodata.rivm.nl/geoserver/dank/wfs?SERVICE=WFS&VERSION=1.1.0&REQUEST=GetFeature&TYPENAME=dank:altr_a04_gi_bodemC&OUTPUTFORMAT=json&SRSNAME=EPSG:4326;Feature type dank:altr_a04_gi_bodemC unknown;http://www.atlasleefomgeving.nl/atlas-kaartservice/kaart/wms/indicator/bodemkoo_4037;dank:altr_a04_gi_bodemC
Deelnemende gemeenten tbv bomenkaart ANK;Deze kaart laat zien welke gemeenten hebben toegezegd mee te werken aan het boomplantproject van de Atlas Natuurlijk Kapitaal;Verkoeling in de stad;verkoeling;Rijksinstituut voor Volksgezondheid en Milieu (RIVM);http://geodata.rivm.nl/geoserver/wfs?SERVICE=WFS&VERSION=1.1.0&REQUEST=GetFeature&TYPENAME=dank:ank_gemeenten_bomenkaart&OUTPUTFORMAT=json&SRSNAME=EPSG:4326;;http://www.atlasleefomgeving.nl/atlas-kaartservice/kaart/wms/indicator/bomen_ge_4195;dank:ank_gemeenten_bomenkaart
Bomenkaart tbv Atlas Natuurlijk Kapitaal;Hier ziet u welke lokaties tot nu toe zijn opgegeven door burgers om een boom te planten;Verkoeling in de stad;verkoeling;Rijksinstituut voor Volksgezondheid en Milieu (RIVM);http://geodata.rivm.nl/geoserver/wfs?SERVICE=WFS&VERSION=1.1.0&REQUEST=GetFeature&TYPENAME=dank:ank_bomenkaart&OUTPUTFORMAT=json&SRSNAME=EPSG:4326;;http://www.atlasleefomgeving.nl/atlas-kaartservice/kaart/wms/indicator/bomen_nu_4194;dank:ank_bomenkaart
Conservation Units voor bomen;De kaart brengt populaties van bomen en struiken in beeld die een bepaalde genetische waarde vertegenwoordigen voor deze soorten in Nederland.;Levenscyclus;Levenscyclus;Alterra, Wageningen UR;http://geodata.rivm.nl/geoserver/dank/wfs?SERVICE=WFS&VERSION=1.1.0&REQUEST=GetFeature&TYPENAME=dank:altr_a37_pv_consunitboom&OUTPUTFORMAT=json&SRSNAME=EPSG:4326;;http://www.atlasleefomgeving.nl/atlas-kaartservice/kaart/wms/indicator/conserva_4096;dank:altr_a37_pv_consunitboom
Natuurwaarde van natte en vochtige ecosystemen;De kaart toont de natuurwaarde van natte en vochtige ecosystemen in Nederland.;Levenscyclus;Levenscyclus;Deltares;http://deltaresdata.openearth.nl/geoserver/DANK/wfs?SERVICE=WFS&VERSION=1.1.0&REQUEST=GetFeature&TYPENAME=DANK:DANK-002-Water_voor_Aquatische_natuur&OUTPUTFORMAT=json&SRSNAME=EPSG:4326;;http://www.atlasleefomgeving.nl/atlas-kaartservice/kaart/wms/indicator/water+vo_4175;DANK:DANK-002-Water_voor_Aquatische_natuur
Ecologisch kapitaal bodem, door diffuse bodemverontreiniging aangetast;Hier ziet u het percentage soorten in de bodem dat mogelijk is aangetast door diffuse bodemverontreiniging;Levenscyclus;Levenscyclus;Rijksinstituut voor Volksgezondheid en Milieu (RIVM);http://geodata.rivm.nl/geoserver/wfs?SERVICE=WFS&VERSION=1.1.0&REQUEST=GetFeature&TYPENAME=dank:rivm_r9_gm_mspaf&OUTPUTFORMAT=json&SRSNAME=EPSG:4326;Feature type dank:rivm_r9_gm_mspaf unknown;http://www.atlasleefomgeving.nl/atlas-kaartservice/kaart/wms/indicator/diffuse_4121;dank:rivm_r9_gm_mspaf
Bronpopulaties voor zaadproductie van bomen & struiken;De kaart brengt populaties van bomen en struiken in beeld die een bepaalde genetische waarde vertegenwoordigen voor deze soorten in Nederland.;Levenscyclus;Levenscyclus;Alterra, Wageningen UR;http://geodata.rivm.nl/geoserver/dank/wfs?SERVICE=WFS&VERSION=1.1.0&REQUEST=GetFeature&TYPENAME=dank:altr_a38_pv_bronpopzaad&OUTPUTFORMAT=json&SRSNAME=EPSG:4326;;http://www.atlasleefomgeving.nl/atlas-kaartservice/kaart/wms/indicator/bronpopu_4097;dank:altr_a38_pv_bronpopzaad
Beschermde natuurgebieden - habitatbescherming;De kaart brengt beschermde natuurgebiedenin Nederland in beeld;Levenscyclus;Levenscyclus;Alterra, Wageningen UR;http://geodata.rivm.nl/geoserver/wfs?SERVICE=WFS&VERSION=1.1.0&REQUEST=GetFeature&TYPENAME=dank:altr_a03_rv_genbronhab&OUTPUTFORMAT=json&SRSNAME=EPSG:4326;;http://www.atlasleefomgeving.nl/atlas-kaartservice/kaart/wms/indicator/bescherm_4053;dank:altr_a03_rv_genbronhab
Wetlandgebieden 2005 (RAMSAR);In deze dataset vindt u de Nederlandse Wetlandgebieden.;Levenscyclus;Levenscyclus;Ministerie van Economische Zaken;http://geodata.nationaalgeoregister.nl/wetlands/wfs?SERVICE=WFS&VERSION=1.1.0&REQUEST=GetFeature&TYPENAME=wetlands&OUTPUTFORMAT=json&SRSNAME=EPSG:4326;;http://www.atlasleefomgeving.nl/atlas-kaartservice/kaart/wms/indicator/wetlands_4134;wetlands
Snavelruppia (Ruppia maritima) 2011;Zeegraskartering Snavelruppia (Ruppia maritima) in 2011;Levenscyclus;Levenscyclus;Rijkswaterstaat;http://geoservices.rijkswaterstaat.nl/zeegras;;http://www.atlasleefomgeving.nl/atlas-kaartservice/kaart/wms/indicator/karterin_3994;rup_2011
Groot zeegras (Zostera marina) in 2011;zeegraskartering Groot zeegras (Zostera marina) in 2011;Levenscyclus;Levenscyclus;Rijkswaterstaat;http://geodata.nationaalgeoregister.nl/zeegraskartering/wfs?SERVICE=WFS&VERSION=1.1.0&REQUEST=GetFeature&TYPENAME=mar_2011&OUTPUTFORMAT=json&SRSNAME=EPSG:4326;;http://www.atlasleefomgeving.nl/atlas-kaartservice/kaart/wms/indicator/karterin_3992;mar_2011
Klein zeegras (Zostera noltii) 2011;Zeegraskartering Klein zeegras (Zostera noltii) in 2011;Levenscyclus;Levenscyclus;Rijkswaterstaat;http://geoservices.rijkswaterstaat.nl/zeegras;;http://www.atlasleefomgeving.nl/atlas-kaartservice/kaart/wms/indicator/karterin_3993;nolt_2011
Genetische structuur Nederlandse Otterpopulatie (Lutra lutra);Weergegeven is de genetische structuur van de Nederlandse Otterpopulatie.;Levenscyclus;Levenscyclus;Alterra, Wageningen UR;http://geodata.rivm.nl/geoserver/dank/wfs?SERVICE=WFS&VERSION=1.1.0&REQUEST=GetFeature&TYPENAME=altr_a40_pv_otterspraint&OUTPUTFORMAT=json&SRSNAME=EPSG:4326;;http://www.atlasleefomgeving.nl/atlas-kaartservice/kaart/wms/indicator/genetisc_4092;altr_a40_pv_otterspraint
Genetische structuur van de Boommarter populatie (Martes martes);Weergegeven is de genetische structuur van de populatie van boommarters in Nederland.;Levenscyclus;Levenscyclus;Alterra, Wageningen UR;http://geodata.rivm.nl/geoserver/dank/wfs?SERVICE=WFS&VERSION=1.1.0&REQUEST=GetFeature&TYPENAME=dank:altr_a41_rv_leefgboommar&OUTPUTFORMAT=json&SRSNAME=EPSG:4326;;http://www.atlasleefomgeving.nl/atlas-kaartservice/kaart/wms/indicator/genetisc_4093;dank:altr_a41_rv_leefgboommar
Genetische structuur van de Hamsterpopulatie (Cricetus cricetus);Weergegeven is de genetische structuur van de Nederlandse Hamsterpopulatie.;Levenscyclus;Levenscyclus;Alterra, Wageningen UR;http://geodata.rivm.nl/geoserver/dank/wfs?SERVICE=WFS&VERSION=1.1.0&REQUEST=GetFeature&TYPENAME=altr_a39_rv_leefghamster&OUTPUTFORMAT=json&SRSNAME=EPSG:4326;;http://www.atlasleefomgeving.nl/atlas-kaartservice/kaart/wms/indicator/genetisc_4091;altr_a39_rv_leefghamster
Soortendiversiteit van Rode-Lijstsoorten;Op de kaart wordt voor heel Nederland de geschatte soortendiversiteit van Rode-Lijstsoorten per kilometerhok weergegeven;Levenscyclus;Levenscyclus;BIJ12;http://geodata.rivm.nl/geoserver/wfs?SERVICE=WFS&VERSION=1.1.0&REQUEST=GetFeature&TYPENAME=soortendiversiteit_rl&OUTPUTFORMAT=json&SRSNAME=EPSG:4326;Feature type :soortendiversiteit_rl unknown;http://www.atlasleefomgeving.nl/atlas-kaartservice/kaart/wms/indicator/soortend_4179;soortendiversiteit_rl
Soortendiversiteit in Nederland;Op de kaart wordt voor heel Nederland de geschatte soortendiversiteit per kilometerhok weergegeven;Levenscyclus;Levenscyclus;BIJ12;http://geodata.rivm.nl/geoserver/wfs?SERVICE=WFS&VERSION=1.1.0&REQUEST=GetFeature&TYPENAME=soortendiversiteit&OUTPUTFORMAT=json&SRSNAME=EPSG:4326;Feature type :soortendiversiteit unknown;http://www.atlasleefomgeving.nl/atlas-kaartservice/kaart/wms/indicator/soortend_4178;soortendiversiteit
Zwemwater locaties en kwaliteit;De kaart geeft de functie van water weer als zwemwater voor recreatief gebruik. ;Groene_recreatie;groene_recreatie;Deltares;http://www.eea.europa.eu/data-and-maps/data/bathing-water-directive-status-of-bathing-water-6;;http://www.atlasleefomgeving.nl/atlas-kaartservice/kaart/wms/indicator/zwemwate_4083;DANK:DANK018_Zwemwater
Beschermde natuurmonumenten buiten Natura2000;In deze dataset vindt u beschermde natuurmonumenten die niet onder de Natura2000 gebieden vallen.;Groene_recreatie;groene_recreatie;Ministerie van Economische Zaken;http://geodata.nationaalgeoregister.nl/beschermdenatuurmonumenten/wfs?SERVICE=WFS&VERSION=1.1.0&REQUEST=GetFeature&TYPENAME=beschermdenatuurmonumenten&OUTPUTFORMAT=json&SRSNAME=EPSG:4326;;http://www.atlasleefomgeving.nl/atlas-kaartservice/kaart/wms/indicator/bescherm_4003;beschermdenatuurmonumenten
Recreatieaanbod voor wandelen in een natuurlijke setting;De kaart laat de omvang van het aanbod van recreatieve wandelmogelijkheden in een groene omgeving zien.;Groene_recreatie;groene_recreatie;Alterra, Wageningen UR;http://geodata.rivm.nl/geoserver/dank/wfs?SERVICE=WFS&VERSION=1.1.0&REQUEST=GetFeature&TYPENAME=dank:altr_a23_gi_wandelaanbod&OUTPUTFORMAT=json&SRSNAME=EPSG:4326;Feature type dank:altr_a23_gi_wandelaanbod unknown;http://www.atlasleefomgeving.nl/atlas-kaartservice/kaart/wms/indicator/recreati_4042;dank:altr_a23_gi_wandelaanbod
Recreatieaanbod voor fietsen in een groene omgeving;De kaart laat de omvang van het aanbod van recreatieve fietsmogelijkheden in een groene omgeving zien.;Groene_recreatie;groene_recreatie;Alterra, Wageningen UR;http://geodata.rivm.nl/geoserver/dank/wfs?SERVICE=WFS&VERSION=1.1.0&REQUEST=GetFeature&TYPENAME=dank:altr_a22_gi_fietsaanbod&OUTPUTFORMAT=json&SRSNAME=EPSG:4326;Feature type dank:altr_a22_gi_fietsaanbod unknown;http://www.atlasleefomgeving.nl/atlas-kaartservice/kaart/wms/indicator/recreati_4041;dank:altr_a22_gi_fietsaanbod
Belevingswaarde van het landschap;De kaart geeft een modelmatige voorspelling van hoe (visueel) aantrekkelijk Nederlanders het landschap in een gebied vinden.;Groene_recreatie;groene_recreatie;Alterra, Wageningen UR;http://geodata.rivm.nl/geoserver/dank/wfs?SERVICE=WFS&VERSION=1.1.0&REQUEST=GetFeature&TYPENAME=dank:altr_a21_gv_landbeleving&OUTPUTFORMAT=json&SRSNAME=EPSG:4326;Feature type dank:altr_a21_gv_landbeleving unknown;http://www.atlasleefomgeving.nl/atlas-kaartservice/kaart/wms/indicator/beleving_4040;dank:altr_a21_gv_landbeleving
Provinciale monumenten;De panden, maar ook dijken, grenspalen en gemeenteoverschrijdende objecten die zijn opgenomen op een provinciale monumentenlijst;Natuurlijk_erfgoed;Natuurlijk_erfgoed;Interprovinciaal Overleg (IPO);http://services.inspire-provincies.nl/ProtectedSites/services/view_PS;;http://www.atlasleefomgeving.nl/atlas-kaartservice/kaart/wms/indicator/provinci_4002;PS.ProtectedSiteProvincialeMonumenten
Aardkundige Waarden;In deze dataset vindt u gegevens over onderdelen van het landschap die iets vertellen over de natuurlijke ontstaanswijze van het gebied.;Natuurlijk_erfgoed;Natuurlijk_erfgoed;Interprovinciaal Overleg (IPO);http://services.inspire-provincies.nl/ProtectedSites/services/view_PS;;http://www.atlasleefomgeving.nl/atlas-kaartservice/kaart/wms/indicator/aardkund_4001;PS.ProtectedSiteAardkundigeWaarden
Nationale Landschappen;In deze dataset vindt u de begrenzingen van de nationale landschappen.;Natuurlijk_erfgoed;Natuurlijk_erfgoed;Interprovinciaal Overleg (IPO);http://services.inspire-provincies.nl/ProtectedSites/services/view_PS;;http://www.atlasleefomgeving.nl/atlas-kaartservice/kaart/wms/indicator/national_4000;PS.ProtectedSiteNationaleLandschappen
Habitatfunctie en biodiversiteit van de bodem (relatief);De bodembiodiversiteit en de habitatfunctie van de toplaag van de bodem, obv samengestelde indicatorenset;Wetenschap_en_educatie;Wetenschap_en_educatie;Rijksinstituut voor Volksgezondheid en Milieu (RIVM);http://geodata.rivm.nl/geoserver/wfs?SERVICE=WFS&VERSION=1.1.0&REQUEST=GetFeature&TYPENAME=dank:rivm_r6_gm_habitatbiod&OUTPUTFORMAT=json&SRSNAME=EPSG:4326;Feature type dank:rivm_r6_gm_habitatbiod unknown;http://www.atlasleefomgeving.nl/atlas-kaartservice/kaart/wms/indicator/habitatf_4118;dank:rivm_r6_gm_habitatbiod
Ecologisch kapitaal van de onafgedekte, intacte bodem;De relatief ongestoorde en niet vergraven bodem, die daardoor goed ecologisch kan functioneren.;Wetenschap_en_educatie;Wetenschap_en_educatie;Rijksinstituut voor Volksgezondheid en Milieu (RIVM);http://geodata.rivm.nl/geoserver/dank/wfs?SERVICE=WFS&VERSION=1.1.0&REQUEST=GetFeature&TYPENAME=dank:rivm_r13_gm_afdekking&OUTPUTFORMAT=json&SRSNAME=EPSG:4326;Feature type dank:rivm_r13_gm_afdekking unknown;http://www.atlasleefomgeving.nl/atlas-kaartservice/kaart/wms/indicator/ecologis_4125;dank:rivm_r13_gm_afdekking
Delfstofwinning op zee: zand en grind;De kaart geeft sedimentsamenstelling van de zeebodem en de reserveringsgebieden voor zand en grind op het Nederlands Continentaal Plat (NCP).;Minerale bronnen;Minerale_bronnen;Deltares;http://www.rwsgeoweb.nl/arcgis/rest/services/NoordzeeAtlas/NZ_NZA_ecotopen/MapServer;;http://www.atlasleefomgeving.nl/atlas-kaartservice/kaart/wms/indicator/winning_4088;DANK:DANK_023a_zandwinning_zee_ecotopen
Zoutvelden in Nederland (uit DINO);Deze dataset toont u de locaties van de zoutvelden en de zoutproductieputten;Minerale bronnen;Minerale_bronnen;TNO Geologische Dienst Nederland;http://www.gdngeoservices.nl/inspire/mr-wfs?SERVICE=WFS&VERSION=1.1.0&REQUEST=GetFeature&TYPENAME=MR.MineralOccurrence,MR.Mine&OUTPUTFORMAT=json&SRSNAME=EPSG:4326;No service with identifier 'mr-wfs' available.;http://www.atlasleefomgeving.nl/atlas-kaartservice/kaart/wms/indicator/producti_3996;MR.MineralOccurrence,MR.Mine
Winning op land van zand, grind en klei;De kaart geeft de geologische winbare hoeveelheid zand, grind en klei weer wanneer er niet meer dan maximaal 5 meter aan deklaag moet worden afgegraven. ;Minerale bronnen;Minerale_bronnen;Deltares;http://deltaresdata.openearth.nl/geoserver/DANK/wfs?SERVICE=WFS&VERSION=1.1.0&REQUEST=GetFeature&TYPENAME=DANK-022_Delftstofwinning_op_land_en_in_binnenwateren_rivier&OUTPUTFORMAT=json&SRSNAME=EPSG:4326;Feature type :DANK-022_Delftstofwinning_op_land_en_in_binnenwateren_rivier unknown;http://www.atlasleefomgeving.nl/atlas-kaartservice/kaart/wms/indicator/winning_4087;DANK-022_Delftstofwinning_op_land_en_in_binnenwateren_rivier
Magnitude van de laatste 100 aardbevingen in Nederland;De magnitude van de laatste 100 aardbevingen in Nederland;Niet-hernieuwbare energiebronnen;Niet_hernieuwbare_energiebronnen;Koninklijk Nederlands Meteorologisch Instituut (KNMI);http://data.knmi.nl/inspire/atom?dataset=urn:xkdc:ds:nl.knmi::aardbevingen_nederland/1/;;http://www.atlasleefomgeving.nl/atlas-kaartservice/kaart/wms/indicator/aardbevi_4135;magnitude
Olie- en gasvelden (Koolwaterstoffen uit DINO);Olie- en gasvelden (Koolwaterstoffen uit DINO);Niet-hernieuwbare energiebronnen;Niet_hernieuwbare_energiebronnen;TNO Geologische Dienst Nederland;http://www.gdngeoservices.nl/inspire/er-wfs?SERVICE=WFS&VERSION=1.1.0&REQUEST=GetFeature&TYPENAME=ER.FossilFuelResource&OUTPUTFORMAT=json&SRSNAME=EPSG:4326;No service with identifier 'er-wfs' available.;http://www.atlasleefomgeving.nl/atlas-kaartservice/kaart/wms/indicator/olie-+en_3998;ER.FossilFuelResource
Mijnbouwwet-vergunningen (opsporing, winning en opslag) (uit DINO);Deze dataset bevat de aangevraagde vergunningen en de door het ministerie van Economische zaken uitgegeven vergunningen met betrekking tot activiteiten zoals beschreven in de Mijnbouwwet.;Niet-hernieuwbare energiebronnen;Niet_hernieuwbare_energiebronnen;TNO Geologische Dienst Nederland;http://www.gdngeoservices.nl/inspire/am-wfs?SERVICE=WFS&VERSION=1.1.0&REQUEST=GetFeature&TYPENAME=AM.ProspectingAndMiningPermitArea&OUTPUTFORMAT=json&SRSNAME=EPSG:4326;No service with identifier 'am-wfs' available.;http://www.atlasleefomgeving.nl/atlas-kaartservice/kaart/wms/indicator/mijnbouw_4136;AM.ProspectingAndMiningPermitArea
Windkaart (m/s);Deze kaart toont de windsnelheden boven land op 100 m hoogte weergegeven in meters per seconde;Hernieuwbare energiebronnen;Hernieuwbare_energiebronnen;Rijksdienst voor Ondernemend Nederland (RvO);"http://agentschapnl.kaartenbalie.nl/gisviewer/html/EnergieWiki.htm#""Wind (&gt; 50 m hoogte)""";;http://www.atlasleefomgeving.nl/atlas-kaartservice/kaart/wms/indicator/windsnel_4104;Wind100m
Aardwarmtepotentiekaarten van Nederland (uit DINO);In dit bestand vindt u een classificering van gebieden naar hun totale potentie om aardwarmte te winnen uit watervoerende lagen in de ondergrond (aquifers).;Hernieuwbare energiebronnen;Hernieuwbare_energiebronnen;TNO Geologische Dienst Nederland;http://www.gdngeoservices.nl/wfs/dinomap/M13M0023?SERVICE=WFS&VERSION=1.1.0&REQUEST=GetFeature&TYPENAME=M13M0023&OUTPUTFORMAT=json&SRSNAME=EPSG:4326;HTTP 404;http://www.atlasleefomgeving.nl/atlas-kaartservice/kaart/wms/indicator/aardwarm_3999;M13M0023
Transportroutes over water - zee;De kaart laat het internationale verkeersscheidingsstelsel voor de scheepvaart zien op het Nederlandse Continentaal Plat (NCP) als onderdeel van de functie van water in de voorziening van transport. ;Overig;Overig;Deltares;http://geodata.nationaalgeoregister.nl/verkeersscheidingsstelsel/wfs?SERVICE=WFS&VERSION=1.1.0&REQUEST=GetFeature&TYPENAME=begrenzing&OUTPUTFORMAT=json&SRSNAME=EPSG:4326;;http://www.atlasleefomgeving.nl/atlas-kaartservice/kaart/wms/indicator/transpor_4086;begrenzing
Gewasverdamping;Per etmaal wordt de referentie gewasverdamping berekend volgens de methode Makkink.;Overig;Overig;Koninklijk Nederlands Meteorologisch Instituut (KNMI);http://data.knmi.nl/inspire/atom?dataset=urn:xkdc:ds:nl.knmi::etmaalgegevensKNMIstations/1/;;http://www.atlasleefomgeving.nl/atlas-kaartservice/kaart/wms/indicator/knmi_kli_4182;EV24
Temperatuurbuffering ondergrond en/of diepe plassen;De indicator is een schatting van potentiele koudewinning uit plassen dieper dan 10 meter voor koeling van woon- en verblijfruimten, ziekenhuizen, computercentra e.d. ;Overig;Overig;Deltares;http://data.knmi.nl/inspire/atom?dataset=urn:xkdc:ds:nl.knmi::etmaalgegevensKNMIstations/1/;;http://www.atlasleefomgeving.nl/atlas-kaartservice/kaart/wms/indicator/temperat_4126;DANK:DANK-011_Temperatuurbuffering_diepe_plassen
Transportroutes over rivieren en meren;De kaart is een weergave van de verscheidenheid aan typen vaarwegen en dat niet alle rivieren of meren voor elk type schip bevaarbaar zijn.;Overig;Overig;Deltares;http://deltaresdata.openearth.nl/geoserver/DANK/wfs?SERVICE=WFS&VERSION=1.1.0&REQUEST=GetFeature&TYPENAME=DANK:dank025_vaarwegen_rivieren_meren_vin_2013&OUTPUTFORMAT=json&SRSNAME=EPSG:4326;;http://www.atlasleefomgeving.nl/atlas-kaartservice/kaart/wms/indicator/transpor_4089;DANK:dank025_vaarwegen_rivieren_meren_vin_2013
Fysisch Geografische Regio's 2013;Indeling van Nederland in Fysisch-Geografische Regio's.;Overig;Overig;Ministerie van Economische Zaken;http://geodata.nationaalgeoregister.nl/fysischgeografischeregios/wfs?SERVICE=WFS&VERSION=1.1.0&REQUEST=GetFeature&TYPENAME=fysischgeografischeregios&OUTPUTFORMAT=json&SRSNAME=EPSG:4326;;http://www.atlasleefomgeving.nl/atlas-kaartservice/kaart/wms/indicator/fysisch_4129;fysischgeografischeregios
Beperking energieopwekking door koelcapaciteit oppervlaktewater;Deze kaart brengt de locaties in beeld van de van koelwater afhankelijke gebruikers. ;Overig;Overig;Deltares;http://deltaresdata.openearth.nl/geoserver/DANK/wfs?SERVICE=WFS&VERSION=1.1.0&REQUEST=GetFeature&TYPENAME=DANK:DANK-020_Koelwaterlozingen&OUTPUTFORMAT=json&SRSNAME=EPSG:4326;;http://www.atlasleefomgeving.nl/atlas-kaartservice/kaart/wms/indicator/beperkin_4070;DANK:DANK-020_Koelwaterlozingen
Draagkracht - Minimale funderingsdiepte;De diepteligging van het Pleistocene zand geeft vaak, maar niet altijd aan wat de minimale lengte van funderingspalen zal moeten zijn. ;Overig;Overig;Deltares;http://deltaresdata.openearth.nl/geoserver/DANK/ows?SERVICE=WFS&VERSION=1.1.0&REQUEST=GetFeature&TYPENAME=DANK:DANK-024b_draagkracht_funderingsdiepte&OUTPUTFORMAT=json&SRSNAME=EPSG:4326;;http://www.atlasleefomgeving.nl/atlas-kaartservice/kaart/wms/indicator/draagkra_4008;DANK:DANK-024b_draagkracht_funderingsdiepte
Draagkracht - Zettingsgevoeligheid;Zettingsgevoeligheid van de bodem;Overig;Overig;Deltares;http://deltaresdata.openearth.nl/geoserver/DANK/wfs?SERVICE=WFS&VERSION=1.1.0&REQUEST=GetFeature&TYPENAME=DANK:DANK024a_draagkracht_totale_zetting&OUTPUTFORMAT=json&SRSNAME=EPSG:4326;Feature type DANK:DANK024a_draagkracht_totale_zetting unknown;http://www.atlasleefomgeving.nl/atlas-kaartservice/kaart/wms/indicator/draagkra_4007;DANK:DANK024a_draagkracht_totale_zetting
Bodemkaart 1:50.000;De bodemkaart 1:50000 uit 2006;Overig;Overig;Alterra, Wageningen UR;http://www.broinspireservices.nl/wfs/ossosgm-a-v1.0?SERVICE=WFS&VERSION=1.1.0&REQUEST=GetFeature&TYPENAME=SO.SoilBody&OUTPUTFORMAT=json&SRSNAME=EPSG:4326;Requested version '1.1.0' is not supported by this service. Supported versions are '2.0.0'. ;http://www.atlasleefomgeving.nl/atlas-kaartservice/kaart/wms/indicator/bodemkaa_4192;SO.SoilBody
Bodemgebruik 2010;Deze dataset geeft inzicht in hoe we verspreid over Nederland gebruik maken van het land.;Overig;Overig;Centraal Bureau voor de Statistiek;http://geodata.nationaalgeoregister.nl/bestandbodemgebruik2010/wfs?SERVICE=WFS&VERSION=1.1.0&REQUEST=GetFeature&TYPENAME=bestandbodemgebruik2010:bbg2010&OUTPUTFORMAT=json&SRSNAME=EPSG:4326;;http://www.atlasleefomgeving.nl/atlas-kaartservice/kaart/wms/indicator/bodemgeb_4006;bestandbodemgebruik2010:bbg2010
Groen Gebruik Speelruimte 2008 RIVM;Het gemiddeld aantal kinderen (0-17-jarigen) per hectare speelruimte per gemeente;Groen;Gebruik;Rijksinstituut voor Volksgezondheid en Milieu (RIVM);http://geodata.rivm.nl/geoserver/wfs?SERVICE=WFS&VERSION=1.1.0&REQUEST=GetFeature&TYPENAME=rivm:zorgatlas_gem_speelruimte_2008&OUTPUTFORMAT=json&SRSNAME=EPSG:4326;;http://www.atlasleefomgeving.nl/atlas-kaartservice/kaart/wms/indicator/percenta_85;rivm:zorgatlas_gem_speelruimte_2008
Fietsknooppunten netwerk;Het fietsknooppunten netwerk;Groen;Gebruik;Stichting Landelijk Fietsplatform;"http://geodata.nationaalgeoregister.nl/fietsknooppuntennetwerk/ows?SERVICE=wfs&amp;?SERVICE=WFS&VERSION=1.1.0&REQUEST=GetFeature&TYPENAME=knooppunten,netwerken&OUTPUTFORMAT=json&SRSNAME=EPSG:4326";HTTP 404;http://www.atlasleefomgeving.nl/atlas-kaartservice/kaart/wms/indicator/fietskno_4159;knooppunten,netwerken
Groen Beschikbaarheid Openbaar Groen bij Woningen PBL;Voor het dagelijks gebruik van groen (spelen, luieren, ontmoeten en sporten) zijn openbare groen- gebieden dichtbij de woning belangrijk. ;Groen;Beschikbaarheid;Planbureau voor de Leefomgeving (PBL);http://geoservice.pbl.nl/arcgis/services/projecten/GIOS2010/MapServer/wfsServer?SERVICE=WFS&VERSION=1.1.0&REQUEST=GetFeature&TYPENAME=7&OUTPUTFORMAT=json&SRSNAME=EPSG:4326;Unsupported output format: json.;http://www.atlasleefomgeving.nl/atlas-kaartservice/kaart/wms/indicator/openbaar_3990;7
Nationale Parken;In de Nationale Parken zijn bijzondere landschappen, dieren en planten te vinden. Kijk hier waar de 20 Parken in Nederland liggen.;Groen;Beschikbaarheid;Ministerie van Economische Zaken;http://geodata.nationaalgeoregister.nl/nationaleparken/wfs?SERVICE=WFS&VERSION=1.1.0&REQUEST=GetFeature&TYPENAME=nationaleparken&OUTPUTFORMAT=json&SRSNAME=EPSG:4326;;http://www.atlasleefomgeving.nl/atlas-kaartservice/kaart/wms/indicator/national_81;nationaleparken
Natuurnetwerk Nederland (ehs);Hier ziet u het Natuurnetwerk Nederland (NNN), de voormalige Ecologische Hoofdstructuur;Groen;Beschikbaarheid;Interprovinciaal Overleg (IPO);http://services.inspire-provincies.nl/ProtectedSites/services/view_PS;;http://www.atlasleefomgeving.nl/atlas-kaartservice/kaart/wms/indicator/natuurne_4161;PS.ProtectedSiteEcologischeHoofdstructuur
Natura 2000-gebieden (peildatum 17 februari 2015);Natura 2000 is het samenhangend netwerk van beschermde natuurgebieden in de Europese Unie bestaande uit Vogelrichtlijn- en Habitatrichtlijngebieden.;Groen;Beschikbaarheid;Ministerie van Economische Zaken;http://geodata.nationaalgeoregister.nl/natura2000/wfs?SERVICE=WFS&VERSION=1.1.0&REQUEST=GetFeature&TYPENAME=natura2000&OUTPUTFORMAT=json&SRSNAME=EPSG:4326;;http://www.atlasleefomgeving.nl/atlas-kaartservice/kaart/wms/indicator/natura20_4043;natura2000
Zwemwaterlocaties;Buitenzwemplekken in Nederland met een beoordeling van de kwaliteit ervan;Water;Waterrecreatie;Interprovinciaal Overleg (IPO);http://www.zwemwater.nl/zwr-ogc/services;;http://www.atlasleefomgeving.nl/atlas-kaartservice/kaart/wms/indicator/zwemwate_3042;zwemplek
Locaties met mogelijke Bodemverontreiniging (HBB locaties);Deze locaties komen voort uit een landelijke inventarisatie van (bedrijfs-) activiteiten die in het verleden mogelijk voor een belasting van de bodem zouden kunnen hebben gezorgd;Bodem;Bodemverontreiniging;Rijkswaterstaat;http://www.dinoservices.nl/wfs/dinomap/M10L2359?SERVICE=WFS&VERSION=1.1.0&REQUEST=GetFeature&TYPENAME=HBB_punten&OUTPUTFORMAT=json&SRSNAME=EPSG:4326;HTTP 404;http://www.atlasleefomgeving.nl/atlas-kaartservice/kaart/wms/indicator/hbb_punt_4163;HBB_punten
Vorderingen Bodemonderzoek en sanering;De kaart toont de vorderingen van het bodemonderzoek of de bodemsanering;Bodem;Bodemverontreiniging;Rijkswaterstaat;http://www.dinoservices.nl/wfs/dinomap/M12L895?SERVICE=WFS&VERSION=1.1.0&REQUEST=GetFeature&TYPENAME=WBB_locaties,WBB_punten&OUTPUTFORMAT=json&SRSNAME=EPSG:4326;HTTP 404;http://www.atlasleefomgeving.nl/atlas-kaartservice/kaart/wms/indicator/wbb_punt_4162;WBB_locaties,WBB_punten
Stikstofdioxide 2013 (NO2);De stikstofdioxide-concentratie (NO2) voor 2013;Luchtkwaliteit;Wegverkeer;Rijksinstituut voor Volksgezondheid en Milieu (RIVM);http://geodata.rivm.nl/geoserver/wfs?SERVICE=WFS&VERSION=1.1.0&REQUEST=GetFeature&TYPENAME=nsl:nsl_20141204_gm_NO22013&OUTPUTFORMAT=json&SRSNAME=EPSG:4326;Feature type nsl:nsl_20141204_gm_NO22013 unknown;http://www.atlasleefomgeving.nl/atlas-kaartservice/kaart/wms/indicator/no2+2013_3908;nsl:nsl_20141204_gm_NO22013
Fijnstof 2013 (pm10);Fijn stof concentraties (pm10) voor 2013;Luchtkwaliteit;Wegverkeer;Rijksinstituut voor Volksgezondheid en Milieu (RIVM);http://geodata.rivm.nl/geoserver/wfs?SERVICE=WFS&VERSION=1.1.0&REQUEST=GetFeature&TYPENAME=nsl:nsl_20141204_gm_pm102013&OUTPUTFORMAT=json&SRSNAME=EPSG:4326;Feature type nsl:nsl_20141204_gm_pm102013 unknown;http://www.atlasleefomgeving.nl/atlas-kaartservice/kaart/wms/indicator/pm10+fij_3907;nsl:nsl_20141204_gm_pm102013
Fijnstof 2013 (pm2,5);Fijn stof concentraties (pm2,5) voor 2013;Luchtkwaliteit;Wegverkeer;Rijksinstituut voor Volksgezondheid en Milieu (RIVM);http://geodata.rivm.nl/geoserver/wfs?SERVICE=WFS&VERSION=1.1.0&REQUEST=GetFeature&TYPENAME=nsl:nsl_20141204_gm_pm252013&OUTPUTFORMAT=json&SRSNAME=EPSG:4326;Feature type nsl:nsl_20141204_gm_pm252013 unknown;http://www.atlasleefomgeving.nl/atlas-kaartservice/kaart/wms/indicator/pm25_201_3934;nsl:nsl_20141204_gm_pm252013
Roet (EC) 2013;De roetkaart toont de roetconcentratie in Nederland voor 2013;Luchtkwaliteit;Wegverkeer;Rijksinstituut voor Volksgezondheid en Milieu (RIVM);http://geodata.rivm.nl/geoserver/wfs?SERVICE=WFS&VERSION=1.1.0&REQUEST=GetFeature&TYPENAME=nsl:nsl_20141204_gm_EC2013&OUTPUTFORMAT=json&SRSNAME=EPSG:4326;Feature type nsl:nsl_20141204_gm_EC2013 unknown;http://www.atlasleefomgeving.nl/atlas-kaartservice/kaart/wms/indicator/roet+201_3905;nsl:nsl_20141204_gm_EC2013
Werelderfgoed;Cultureel erfgoed dat op de werelderfgoedlijst staat;Cultureel Erfgoed;Erfgoed;Rijksdienst Cultureel Erfgoed;http://services.rce.geovoorziening.nl/www/GeoGedeeld_WereldErfgoed_20111101.pdf;;http://www.atlasleefomgeving.nl/atlas-kaartservice/kaart/wms/indicator/werelder_250;WorldHeritage
Rijksmonumenten;De kaart laat de beschermde Rijksmonumenten in Nederland zien;Cultureel Erfgoed;Monumenten;Rijksdienst Cultureel Erfgoed;http://services.rce.geovoorziening.nl/www/GeoGedeeld_Rijksmonumenten_20111101.pdf;;http://www.atlasleefomgeving.nl/atlas-kaartservice/kaart/wms/indicator/rijksmon_247;NationalListedMonuments
Indicatieve Kaart Archeologische Waarden;Indicatieve Kaart Archeologische Waarden;Cultureel Erfgoed;Monumenten;Rijksdienst Cultureel Erfgoed;http://services.rce.geovoorziening.nl/www/GeoGedeeld-IKAW_20121101.pdf;;http://www.atlasleefomgeving.nl/atlas-kaartservice/kaart/wms/indicator/ikaw_3491;rce_ikaw3_2008
Stads- en Dorpsgezichten;Gebieden die beschermd zijn als stads- of dorpsgezicht;Cultureel Erfgoed;Erfgoed;Rijksdienst Cultureel Erfgoed;http://services.rce.geovoorziening.nl/www/GeoGedeeld_StadsenDorpsgezichten_20111101.pdf;;http://www.atlasleefomgeving.nl/atlas-kaartservice/kaart/wms/indicator/stads-+e_249;Townscapes
Archeologische Monumenten Kaart (AMK);De kaart geeft inzicht in de aard, waardering, ligging en omvang van archeologische monumenten.;Cultureel Erfgoed;Monumenten;Rijksdienst Cultureel Erfgoed;http://services.rce.geovoorziening.nl/www/GeoGedeeld_AMK_20111101.pdf;;http://www.atlasleefomgeving.nl/atlas-kaartservice/kaart/wms/indicator/archeolo_251;ArcheologicalMonuments
Buitenplaatsen;De kaart toont de begrenzingen van de rijksbeschermde buitenplaatsen;Cultureel Erfgoed;Monumenten;Rijksdienst Cultureel Erfgoed;http://services.rce.geovoorziening.nl/buitenplaatsen/wfs?SERVICE=WFS&VERSION=1.1.0&REQUEST=GetFeature&TYPENAME=Buitenplaatsen&OUTPUTFORMAT=json&SRSNAME=EPSG:4326;;http://www.atlasleefomgeving.nl/atlas-kaartservice/kaart/wms/indicator/buitenpl_3904;Buitenplaatsen
Lichtemissie 2012;De hoeveelheid licht dat van boven te zien was in 2012;Licht;Lichtemissie;Rijksinstituut voor Volksgezondheid en Milieu (RIVM);"http://geodata.rivm.nl/geoserver/wfs?service=wfs&amp;version=1.1.0&amp;request=GetMap&amp;layers=dmg:licht_lichtemissie_2012&amp;styles&amp;srs=EPSG:28992&amp;format=image/png&amp;bbox=15183.90684,357558.82000000007,269383.90684,611658.8200000001&amp;width=512&amp;height=511?SERVICE=WFS&VERSION=1.1.0&REQUEST=GetFeature&TYPENAME=licht_lichtemissie_2012&OUTPUTFORMAT=json&SRSNAME=EPSG:4326";Feature type :licht_lichtemissie_2012 unknown;http://www.atlasleefomgeving.nl/atlas-kaartservice/kaart/wms/indicator/lichtemi_2957;licht_lichtemissie_2012
Hemelhelderheid in de nacht, met bewolking;Berekende hemelhelderheid in de nacht, bij een bewolkte hemel;Licht;Hemelhelderheid;Rijksinstituut voor Volksgezondheid en Milieu (RIVM);http://geodata.rivm.nl/geoserver/wfs?SERVICE=WFS&VERSION=1.1.0&REQUEST=GetFeature&TYPENAME=dmg:licht_20150315_gm_hhnachtbew&OUTPUTFORMAT=json&SRSNAME=EPSG:4326;Feature type dmg:licht_20150315_gm_hhnachtbew unknown;http://www.atlasleefomgeving.nl/atlas-kaartservice/kaart/wms/indicator/hemelhel_4116;dmg:licht_20150315_gm_hhnachtbew
Hemelhelderheid in de nacht, zonder bewolking;Berekende hemelhelderheid in de nacht, bij een onbewolkte hemel;Licht;Hemelhelderheid;Rijksinstituut voor Volksgezondheid en Milieu (RIVM);http://geodata.rivm.nl/geoserver/wfs?SERVICE=WFS&VERSION=1.1.0&REQUEST=GetFeature&TYPENAME=dmg:licht_20150315_gm_hhnachtonbew&OUTPUTFORMAT=json&SRSNAME=EPSG:4326;Feature type dmg:licht_20150315_gm_hhnachtonbew unknown;http://www.atlasleefomgeving.nl/atlas-kaartservice/kaart/wms/indicator/hemelhel_4115;dmg:licht_20150315_gm_hhnachtonbew
Hemelhelderheid in de avond, met bewolking;Berekende hemelhelderheid in de avond, bij een bewolkte hemel;Licht;Hemelhelderheid;Rijksinstituut voor Volksgezondheid en Milieu (RIVM);http://geodata.rivm.nl/geoserver/wfs?SERVICE=WFS&VERSION=1.1.0&REQUEST=GetFeature&TYPENAME=dmg:licht_20150315_gm_hhavondbew&OUTPUTFORMAT=json&SRSNAME=EPSG:4326;Feature type dmg:licht_20150315_gm_hhavondbew unknown;http://www.atlasleefomgeving.nl/atlas-kaartservice/kaart/wms/indicator/hemelhel_4113;dmg:licht_20150315_gm_hhavondbew
Hemelhelderheid in de avond, zonder bewolking;Berekende hemelhelderheid in de avond, bij een onbewolkte hemel;Licht;Hemelhelderheid;Rijksinstituut voor Volksgezondheid en Milieu (RIVM);http://geodata.rivm.nl/geoserver/wfs?SERVICE=WFS&VERSION=1.1.0&REQUEST=GetFeature&TYPENAME=dmg:licht_20150315_gm_hhavondonbew&OUTPUTFORMAT=json&SRSNAME=EPSG:4326;Feature type dmg:licht_20150315_gm_hhavondonbew unknown;http://www.atlasleefomgeving.nl/atlas-kaartservice/kaart/wms/indicator/hemelhel_4114;dmg:licht_20150315_gm_hhavondonbew
Bestemmingsplannen (enkelvoudig);Ruimtelijke plannen met een enkele bestemming.;Ruimtelijke Plannen;Ruimtelijke plannen;Ministerie van Infrastructuur en Milieu;http://afnemers.ruimtelijkeplannen.nl:80/unregafnemers/services?;;http://www.atlasleefomgeving.nl/atlas-kaartservice/kaart/wms/indicator/bestemmi_208;Enkelbestemming
Bestemmingsplannen (dubbelbestemming);Ruimtelijke plannen met een dubbele bestemming;Ruimtelijke Plannen;Ruimtelijke plannen;Ministerie van Infrastructuur en Milieu;http://afnemers.ruimtelijkeplannen.nl:80/unregafnemers/services?;;http://www.atlasleefomgeving.nl/atlas-kaartservice/kaart/wms/indicator/bestemmi_210;Dubbelbestemming
Wro: BP-gebiedsaanduiding;Bestemmingsplannen - Gebiedsaanduiding;Ruimtelijke Plannen;Ruimtelijke plannen;Ministerie van Infrastructuur en Milieu;http://afnemers.ruimtelijkeplannen.nl/afnemers/services;;http://www.atlasleefomgeving.nl/atlas-kaartservice/kaart/wms/indicator/gebiedsa_231;Gebiedsaanduiding
Geluid treinverkeer over een etmaal;Hier ziet u hoe hoog de geluidbelasting door het treinverkeer is (Lden);Geluid;Spoorwegen;Prorail;http://mapservices.prorail.nl/ArcGIS/services/Geluidscontouren/MapServer/wfsServer?SERVICE=WFS&VERSION=1.1.0&REQUEST=GetFeature&TYPENAME=1&OUTPUTFORMAT=json&SRSNAME=EPSG:4326;HTTP 404;http://www.atlasleefomgeving.nl/atlas-kaartservice/kaart/wms/indicator/geluid+s_37;1
Schiphol Geluid 2011;Vliegtuigverkeer is een belangrijke bron van lawaai en geluidhinder. Deze kaart toont de geluidbelasting rondom Schiphol in 2011.;Geluid;Geluid vliegverkeer;Ministerie van Infrastructuur en Milieu;http://geodata.rivm.nl/geoserver/wfs?SERVICE=WFS&VERSION=1.1.0&REQUEST=GetFeature&TYPENAME=rivm:geluid_schiphol_2011&OUTPUTFORMAT=json&SRSNAME=EPSG:4326;;http://www.atlasleefomgeving.nl/atlas-kaartservice/kaart/wms/indicator/geluid+s_3489;rivm:geluid_schiphol_2011
Alle wegen 2011 (Lden);Geluidbelasting alle grotere wegen, over een etmaal (Lden) voor 2011;Geluid;wegverkeer;Planbureau voor de Leefomgeving (PBL);http://geoservice.pbl.nl/arcgis/services/projecten/Geluidbelasting_wegen_2008_Atlas_Leefomgeving/MapServer/wfsServer?SERVICE=WFS&VERSION=1.1.0&REQUEST=GetFeature&TYPENAME=0&OUTPUTFORMAT=json&SRSNAME=EPSG:4326;HTTP 404;http://www.atlasleefomgeving.nl/atlas-kaartservice/kaart/wms/indicator/geluid+l_106;0
